CORE_PRODUCT_ID,AVAILABILITY_PK,ALTERNATE_ID_TYPE_1,ALTERNATE_ID_VALUE_1,ALTERNATE_ID_TYPE_2,ALTERNATE_ID_VALUE_2,TITLE,COPYRIGHT_HOLDER,AIELIGIBILITY_SET,PRODUCT_TYPE,COPYRIGHT_HOLDER_DISPLAY_NAME
4055AV,4055AV-VIF-ENG,KAL,1_yn9wwe7t,,,Tomorrow's Leaders,Harvard Business School Publishing - Corporate Learning,Limited Eligibility,218,Harvard Business Impact
4057AV,4057AV-VIF-ENG,KAL,1_3a5paczz,,,The Mix of Experience,Harvard Business School Publishing - Corporate Learning,Limited Eligibility,218,Harvard Business Impact
4338AV,4338AV-VIF-ENG,KAL,1_tlkik2wj,,,Compare Cultures to Understand Your Own,Harvard Business School Publishing - Corporate Learning,Limited Eligibility,218,Harvard Business Impact
4401AV,4401AV-VIF-ENG,KAL,1_4cc3uolv,,,"Learn, Unlearn, Relearn",Harvard Business School Publishing - Corporate Learning,Limited Eligibility,218,Harvard Business Impact
4620AV,4620AV-VIF-ENG,KAL,1_qt6pqrcp,,,Value Your Employees as Individuals,Harvard Business School Publishing - Corporate Learning,Limited Eligibility,218,Harvard Business Impact
4621AV,4621AV-VIF-ENG,KAL,1_xlh7owb9,,,Invited Versus Welcomed,Harvard Business School Publishing - Corporate Learning,Limited Eligibility,218,Harvard Business Impact
4649AV,4649AV-VIF-ENG,KAL,1_19fh8cz2,,,How Diversity Fuels Group Emotional Intelligence,Harvard Business School Publishing - Corporate Learning,Limited Eligibility,218,Harvard Business Impact
4676AV,4676AV-VIF-ENG,KAL,1_sqi8j0qd,,,The Tailwinds of Privilege,Harvard Business School Publishing - Corporate Learning,Limited Eligibility,218,Harvard Business Impact
4680AV,4680AV-VIF-ENG,KAL,1_ijtllxuy,,,Introduction to Global Collaboration,Harvard Business School Publishing - Corporate Learning,Limited Eligibility,218,Harvard Business Impact
5163AV,5163AV-VIF-ENG,KAL,1_uo1mjden,,,Your Team Diversity Question Answered,Harvard Business School Publishing - Corporate Learning,Limited Eligibility,218,Harvard Business Impact
5169AV,5169AV-VIF-ENG,KAL,1_v2t8uxck,,,Establishing Credibility Takes Persistence,Harvard Business School Publishing - Corporate Learning,Limited Eligibility,218,Harvard Business Impact
5263AV,5263AV-VIF-ENG,KAL,1_ibxd0csr,,,Stay True to Your Values,Harvard Business School Publishing - Corporate Learning,Limited Eligibility,218,Harvard Business Impact
5268AV,5268AV-VIF-ENG,KAL,1_sprnmtqh,,,Invite All Voices into the Conversation,Harvard Business School Publishing - Corporate Learning,Limited Eligibility,218,Harvard Business Impact
5271AV,5271AV-VIF-ENG,KAL,1_y2y7478v,,,The Layers of Diversity,Harvard Business School Publishing - Corporate Learning,Limited Eligibility,218,Harvard Business Impact
5272AV,5272AV-VIF-ENG,KAL,1_9l4f4h4x,,,"Yes, You Are Biased-Here's What To Do About It",Harvard Business School Publishing - Corporate Learning,Limited Eligibility,218,Harvard Business Impact
5273AV,5273AV-VIF-ENG,KAL,1_nmvup3vm,,,What Allyship Looks Like,Harvard Business School Publishing - Corporate Learning,Limited Eligibility,218,Harvard Business Impact
5274AV,5274AV-VIF-ENG,KAL,1_aoabvp5z,,,Stand Up for Everyone on Your Team-Even When It's Hard,Harvard Business School Publishing - Corporate Learning,Limited Eligibility,218,Harvard Business Impact
5276AV,5276AV-VIF-ENG,KAL,1_2kh5lnhj,,,How Men Can Stand Up for Women at Work,Harvard Business School Publishing - Corporate Learning,Limited Eligibility,218,Harvard Business Impact
5277AV,5277AV-VIF-ENG,KAL,1_jdptbhs6,,,Advocate for Women--Especially Women of Color,Harvard Business School Publishing - Corporate Learning,Limited Eligibility,218,Harvard Business Impact
5278AV,5278AV-VIF-ENG,KAL,1_fs4sh82q,,,Turn Microaggressions into Learning Moments,Harvard Business School Publishing - Corporate Learning,Limited Eligibility,218,Harvard Business Impact
5279AV,5279AV-VIF-ENG,KAL,1_bntyx1ua,,,Tactics for Creating an Inclusive Workplace,Harvard Business School Publishing - Corporate Learning,Limited Eligibility,218,Harvard Business Impact
5280AV,5280AV-VIF-ENG,KAL,1_lgwc1026,,,Commit to Creating Inclusion Every Day,Harvard Business School Publishing - Corporate Learning,Limited Eligibility,218,Harvard Business Impact
5281AV,5281AV-VIF-ENG,KAL,1_zubrumy5,,,Equity Means Challenging the Status Quo,Harvard Business School Publishing - Corporate Learning,Limited Eligibility,218,Harvard Business Impact
5282AV,5282AV-VIF-ENG,KAL,1_x3psi37u,,,Impact Matters More Than Intention,Harvard Business School Publishing - Corporate Learning,Limited Eligibility,218,Harvard Business Impact
5287AV,5287AV-VIF-ENG,KAL,1_81cz1g1n,,,How to Advocate for Women in the Workplace,Harvard Business School Publishing - Corporate Learning,Limited Eligibility,218,Harvard Business Impact
5329AV,5329AV-VIF-ENG,KAL,1_2kkbm2nk,,,Diversity Flocks to Organizations That Are Inclusive,Harvard Business School Publishing - Corporate Learning,Limited Eligibility,218,Harvard Business Impact
5345AV,5345AV-VIF-ENG,KAL,1_25cabaye,,,Your Role in the Employee Journey,Harvard Business School Publishing - Corporate Learning,Limited Eligibility,218,Harvard Business Impact
5352AV,5352AV-VIF-ENG,KAL,1_7yt445al,,,Level Up at Work: Interviewing Job Candidates,Harvard Business School Publishing - Corporate Learning,Limited Eligibility,218,Harvard Business Impact
5354AV,5354AV-VIF-ENG,KAL,1_wdnur2tp,,,Interrupt Bias in Hiring,Harvard Business School Publishing - Corporate Learning,Limited Eligibility,218,Harvard Business Impact
5391AV,5391AV-VIF-ENG,KAL,1_de5p1617,,,Tackle Microaggressions with Accountability,Harvard Business School Publishing - Corporate Learning,Limited Eligibility,218,Harvard Business Impact
5392AV,5392AV-VIF-ENG,KAL,1_qhvp12nj,,,What You Can Do to Advance Equity,Harvard Business School Publishing - Corporate Learning,Limited Eligibility,218,Harvard Business Impact
HV1294,HV1294-VIF-ENG,BCV,4984622531001,KAL,1_a18f9b2s,"Why So Few ""Diversity Candidates"" Are Hired",Harvard Business School Publishing - HBD,Limited Eligibility,218,Harvard Business Review
HV1317,HV1317-VIF-ENG,KAL,1_schzddhx,,,Why Immigrant Entrepreneurs Are So Important to the U.S.,Harvard Business School Publishing - HBD,Limited Eligibility,218,Harvard Business Review
HV1385,HV1385-VIF-ENG,KAL,1_esx4r7fx,,,What Leaders Must Do Today to Address Systemic Racism,Harvard Business School Publishing - HBD,Limited Eligibility,218,Harvard Business Review
HV1401,HV1401-VIF-ENG,KAL,1_xymcc1j3,Atom id,"tag:blogs.harvardbusiness.org,2007-03-31:999.271093",Understanding Inclusion: The Value of Real Inclusion at Work,Harvard Business School Publishing,Limited Eligibility,218,Harvard Business Impact
HV1402,HV1402-VIF-ENG,KAL,1_juqx2uyr,Atom id,"tag:blogs.harvardbusiness.org,2007-03-31:999.271093",Understanding Inclusion: Why Belonging at Work Matters,Harvard Business School Publishing,Limited Eligibility,218,Harvard Business Impact
HV1403,HV1403-VIF-ENG,KAL,1_xatbrmyu,Atom id,"tag:blogs.harvardbusiness.org,2007-03-31:999.271093",Understanding Inclusion: 4 Ways to Cultivate Belonging,Harvard Business School Publishing,Limited Eligibility,218,Harvard Business Impact
HV1683,HV1683-VIF-ENG,KAL,1_t6rm6m00,,,"Why Inclusive Leaders Are Good for Organizations, and How to Become One",Harvard Business School Publishing,Limited Eligibility,218,Harvard Business Impact
HV1685,HV1685-VIF-ENG,KAL,1_5481ph0d,,,How The Best Bosses Interrupt Bias:  Picking Your People,Harvard Business School Publishing,Limited Eligibility,218,Harvard Business Impact
HV1686,HV1686-VIF-ENG,KAL,1_5a4uxwwq,,,How The Best Bosses Interrupt Bias: Developing Your Team,Harvard Business School Publishing,Limited Eligibility,218,Harvard Business Impact
HV1687,HV1687-VIF-ENG,KAL,1_3hsuhvms,,,How The Best Bosses Interrupt Bias: Managing the Day-to-Day,Harvard Business School Publishing,Limited Eligibility,218,Harvard Business Impact
HV1691,HV1691-VIF-ENG,KAL,1_io9bcxf6,,,Do Your D&I Efforts Include People with Disabilities?,Harvard Business School Publishing,Limited Eligibility,218,Harvard Business Impact
HV1693,HV1693-VIF-ENG,KAL,1_410v1d1y,,,Getting Over Your Fear of Talking About Diversity,Harvard Business School Publishing,Limited Eligibility,218,Harvard Business Impact
HV1702,HV1702-VIF-ENG,KAL,1_fcxk96h2,,,Creating a Trans-Inclusive Workplace: Adopting Trans-Inclusive Policies,Harvard Business School Publishing,Limited Eligibility,218,Harvard Business Impact
HV1703,HV1703-VIF-ENG,KAL,1_ihle0vre,,,Creating a Trans-Inclusive Workplace: Trans-Specific Diversity Training and Interventions,Harvard Business School Publishing,Limited Eligibility,218,Harvard Business Impact
HV1704,HV1704-VIF-ENG,KAL,1_bc8y141a,,,Creating a Trans-Inclusive Workplace: Support Gender Transitions,Harvard Business School Publishing,Limited Eligibility,218,Harvard Business Impact
HV1783,HV1783-VIF-ENG,KAL,1_ey1xtgy4,,,How to Be a Better Ally to Your Black Colleagues,Harvard Business School Publishing,Limited Eligibility,218,Harvard Business Impact
HV1841,HV1841-VIF-ENG,KAL,1_ddjacnq8,,,Using AI to Eliminate Bias in Hiring,Harvard Business School Publishing,Limited Eligibility,218,Harvard Business Impact
HV1865,HV1865-VIF-ENG,KAL,1_3wr5z9fp,,,Want More Diverse Senior Leadership? Sponsor Junior Talent.,Harvard Business School Publishing,Limited Eligibility,218,Harvard Business Impact
HV1883,HV1883-VIF-ENG,KAL,1_lg2i5n1w,,,"Before Tackling Systemic Racism, You Need to Dig Into Your Own Biases",Harvard Business School Publishing,Limited Eligibility,218,Harvard Business Impact
HV1890,HV1890-VIF-ENG,KAL,1_ugeabt4s,,,"Managers, Here's How to Be a Better Ally in the Remote Workplace",Harvard Business School Publishing,Limited Eligibility,218,Harvard Business Impact
HV1907,HV1907-VIF-ENG,KAL,1_kb9hsi3q,,,Why You Should Invest In Unconventional Talent,Harvard Business School Publishing,Limited Eligibility,218,Harvard Business Impact
HV1958,HV1958-VIF-ENG,KAL,1_njm6txds,,,5 Ways to Infuse Diversity and Inclusion Into Your Organization,Harvard Business School Publishing,Limited Eligibility,218,Harvard Business Review
HV1959,HV1959-VIF-ENG,KAL,1_ume30lat,,,How to be an Anti-Ableist Ally,Harvard Business School Publishing,Limited Eligibility,218,Harvard Business Review
HV1974,HV1974-VIF-ENG,KAL,1_3ncnp62x,,,9 Trends That Will Shape Work in 2024 and Beyond,Harvard Business School Publishing,Limited Eligibility,218,Harvard Business Review
HV2018,HV2018-VIF-ENG,KAL,1_sw3xdwin,,,What Comes After DEI?,Harvard Business School Publishing,Limited Eligibility,218,Harvard Business Impact
